"Id";"Designator";"Footprint";"Quantity";"Comment";"JLCPCB Part #";
1;"R16,R7,R2,R5,R8";"R_0402_1005Metric";5;"1k";;;
2;"D12,D1";"LED_0603_1608Metric";2;"LED_Green";;;
3;"D3,D9,D5,D7,D4,D6,D8,D10";"D_SOD-123";8;"D";;;
4;"D11";"SOT-23";1;"BAT54C";;;
5;"R6";"R_0402_1005Metric";1;"0.4";;;
6;"R10,R12";"R_0402_1005Metric";2;"27";;;
7;"C15,C14,C13,C6,C10,C7,C12,C8,C9,C11,C20,C2";"C_0402_1005Metric";12;"0.1u";;;
8;"C22,C17,C5,C21,C4,C16";"C_0402_1005Metric";6;"1u";;;
9;"SW1,SW11";"SW_SPST_TL3342";2;"SW_Push";;;
10;"C3,C1";"C_0402_1005Metric";2;"30p";;;
11;"H3,H4,H2,H1,H5,H6";"MountingHole_2.2mm_M2_ISO7380_Pad";6;"MountingHole_Pad";;;
12;"C19,C23,C18";"C_0402_1005Metric";3;"10u";;;
13;"J3";"PinHeader_1x02_P2.00mm_Vertical";1;"Conn_01x02_Female";;;
14;"J1";"Molex_54548-1071_1x10-1MP_P0.5mm_Horizontal";1;"Conn_01x10_Female";;;
15;"U4";"SOT-23";1;"XC6206PxxxMR";;;
16;"R1,R9,R3";"R_0402_1005Metric";3;"5.1k";;;
17;"SW6";"SW_SPDT_PCM12";1;"SW_Push_SPDT";;;
18;"R14,R13";"R_0402_1005Metric";2;"470k";;;
19;"R11";"R_1206_3216Metric";1;"1k";;;
20;"J2";"USB_C_Receptacle_XKB_U262-16XN-4BVC11";1;"USB_C_Receptacle_USB2.0";;;
21;"BZ1";"Buzzer_Murata_PKLCS1212E";1;"Buzzer";;;
22;"R15";"R_0402_1005Metric";1;"10k";;;
23;"Q1";"SOT-23";1;"AO3401A";;;
24;"U1";"SOIC-8_5.23x5.23mm_P1.27mm";1;"W25Q128JVS";;;
25;"U3";"RP2040-QFN-56";1;"RP2040";;;
26;"U2";"SOP127P600X175-9N";1;"TP4056";;;
27;"Y1";"Crystal_SMD_3225-4Pin_3.2x2.5mm";1;"Crystal_GND24_Small";;;
28;"D2";"LED_0603_1608Metric";1;"LED_Red";;;
29;"R4";"R_0402_1005Metric";1;"DNF";;;
30;"J4";"PinHeader_1x06_P2.54mm_Vertical";1;"Conn_01x06_Female";;;
31;"SW10,SW7,SW5,SW3,SW9,SW8,SW2,SW4";"Kailh_socket_PG1350";8;"Choc";;;
